INSERT INTO approve_summary(appid,
                            title,
                            `userId`,
                            created,
                            modified,
                            status,
                            `formId`)
     VALUES ('d47b5ac4-d748-420c-b1b0-382ee2f77ba5',
             '휴가원',
             'andrew@chosun.com',
             '2017-01-02 10:17:16.0',
             '2017-01-02 10:17:16.0',
             'S',
             'a1f7e197-85b0-4779-8609-905a2f3531f3');INSERT INTO file_attach(`attachId`,
                        type,
                        path,
                        name,
                        `mainId`,
                        modified,
                        `originName`,
                        size)
        VALUES (
                  '051cf49c-d7e8-47d8-aa84-abbbdce0b289',
                  'text/html',
                  'D:/GoogleDrive/프로젝트/DZBpms/src/main/webapp/WEB-INF/views/forms/',
                  '389730f4-723f-4fa4-bf22-34c5d88c6679.jsp',
                  'a1f7e197-85b0-4779-8609-905a2f3531f3',
                  '2016-12-23 17:11:22.0',
                  '6f07776e-fae2-4ed4-b0ac-3bc8a688978b.html',
                  3573);INSERT INTO file_attach(`attachId`,
                        type,
                        path,
                        name,
                        `mainId`,
                        modified,
                        `originName`,
                        size)
        VALUES (
                  '3d4c8c2c-d6a3-4cc7-b385-a96aebc58c7e',
                  'text/html',
                  'D:/GoogleDrive/프로젝트/DZBpms/src/main/webapp/WEB-INF/views/forms/',
                  '9332f6c8-4ca3-4306-b765-0022d72c2708.jsp',
                  'e20ef135-f08a-447e-83ab-01696842792a',
                  '2016-12-23 17:09:22.0',
                  '6f07776e-fae2-4ed4-b0ac-3bc8a688978b.html',
                  3573);INSERT INTO file_attach(`attachId`,
                        type,
                        path,
                        name,
                        `mainId`,
                        modified,
                        `originName`,
                        size)
        VALUES (
                  '8c48d55d-5545-4bef-ab2f-1bb9e0eb6ca5',
                  'text/html',
                  'D:/GoogleDrive/프로젝트/DZBpms/src/main/webapp/WEB-INF/views/forms/',
                  'dcfde143-7bc0-41f3-8370-002d2cfa4516.jsp',
                  '350ac0e9-f326-4c8a-b42a-3dc81d5e7f44',
                  '2016-12-23 17:10:17.0',
                  '6f07776e-fae2-4ed4-b0ac-3bc8a688978b.html',
                  3573);INSERT INTO file_attach(`attachId`,
                        type,
                        path,
                        name,
                        `mainId`,
                        modified,
                        `originName`,
                        size)
        VALUES (
                  'd69ca440-af76-4472-9e16-059102df5b77',
                  'text/html',
                  'D:/GoogleDrive/프로젝트/DZBpms/src/main/webapp/WEB-INF/views/forms/',
                  'f75f291c-056f-4493-9b22-8ba2116e70dc.jsp',
                  '9f6937a4-aa24-47f5-84d0-3f6365b7a481',
                  '2016-12-23 17:00:36.0',
                  '6f07776e-fae2-4ed4-b0ac-3bc8a688978b.html',
                  3573);INSERT INTO users(userid,
                  firstname,
                  lastname,
                  password,
                  state)
     VALUES ('andrew@chosun.com',
             '현곤',
             '김',
             'hgkim1130',
             'Y');INSERT INTO users(userid,
                  firstname,
                  lastname,
                  password,
                  state)
     VALUES ('bigfoot@chosun.com',
             '대범',
             '편',
             '$2a$10$kU3DptkojuZujHSJ/07KEO83TMGiSop9zSQmoSREOru2gpEiDweZa',
             'Y');INSERT INTO users(userid,
                  firstname,
                  lastname,
                  password,
                  state)
     VALUES ('chan@chopsun.com',
             '찬',
             '김',
             '$2a$10$/sE9W28AnxwGDb34hCFFE.ZT4MESubh.2tnrLYq1XUcucgFP12WyG',
             'Y');INSERT INTO users(userid,
                  firstname,
                  lastname,
                  password,
                  state)
     VALUES ('goindol@chosun.com',
             '웅찬',
             '길',
             '1234',
             'Y');INSERT INTO users(userid,
                  firstname,
                  lastname,
                  password,
                  state)
     VALUES ('myungwons@chosun.com',
             '명원',
             '이',
             '$2a$10$hoq6AEuVdODXFHljcfGstOicD3jSY1emzi7UtJpZDxk0Z2egIlN3i',
             'Y');INSERT INTO users(userid,
                  firstname,
                  lastname,
                  password,
                  state)
     VALUES ('rainy@chosun.com',
             '은영',
             '조',
             '$2a$10$jmmqJopx65IGIdHaLgx9HuTeJ45/OmcpOyNB7SMnyul86asPCwQqe',
             'Y');INSERT INTO users(userid,
                  firstname,
                  lastname,
                  password,
                  state)
     VALUES ('shlee@chosun.com',
             '상혁',
             '이',
             '$2a$10$keiybgdrlUVcDCBDGm8U4uPC05W78mupC7E9Tyh1iawIaGH71k3RG',
             'Y');INSERT INTO users(userid,
                  firstname,
                  lastname,
                  password,
                  state)
     VALUES ('yds0903@chosun.com',
             '동식',
             '윤',
             '$2a$10$miAnvnA/qoICzGAkD0h2iusrxFQzeBIfHcAWDnbbYBB8a6NNZJA0u',
             'Y');INSERT INTO users(userid,
                  firstname,
                  lastname,
                  password,
                  state)
     VALUES ('yongkum@chosun.com',
             '세원',
             '김',
             '$2a$10$B3SVyBeEPR/aInw4BR9breCFCiixOguqEhv/NKUSwvbxM.bV/WqxS',
             'Y');INSERT INTO users(userid,
                  firstname,
                  lastname,
                  password,
                  state)
     VALUES ('yunju@chosun.com',
             '윤주',
             '안',
             '$2a$10$AFDPX2EfuFXs02zqGXzHiedbBfRgRYq17pTvPVfMd1xmhu/TusAw.',
             'Y');INSERT INTO users(userid,
                  firstname,
                  lastname,
                  password,
                  state)
     VALUES ('yuzibosu@chosun.com',
             '원기',
             '배',
             '$2a$10$b5EEKD3aXa2XsF08t5hfneaJe8HLYMIr1Wb1bOuLs/oHw9ySIFSjO',
             'Y');INSERT INTO dept_docmanager(deptid, docmanager, type)
        VALUES (
                  '361a569f-34c3-4520-baf7-f0d32abae6a0',
                  'yuzibosu@chosun.com',
                  'M');INSERT INTO dept_docmanager(deptid, docmanager, type)
     VALUES ('361a569f-34c3-4520-baf7-f0d32abae6a0', 'shlee@chosun.com', 'S');INSERT INTO dept_docmanager(deptid, docmanager, type)
        VALUES (
                  'd35c8fa9-7fe9-4820-accb-5dfa26b56689',
                  'andrew@chosun.com',
                  'M');INSERT INTO dept_docmanager(deptid, docmanager, type)
     VALUES ('digital_chosunilbo', 'chan@chopsun.com', 'M');INSERT INTO dept_docmanager(deptid, docmanager, type)
     VALUES ('aaaadfdfd', 'yunju@chosun.com', 'M');INSERT INTO dept_docmanager(deptid, docmanager, type)
        VALUES (
                  '36000a74-9c12-4061-9cce-86642f18a09b',
                  'bigfoot@chosun.com',
                  'M');INSERT INTO user_dept_position(userid, deptid, positionid)
        VALUES (
                  'yongkum@chosun.com',
                  '0a3849ba-c180-47e7-8118-a037d6f3c4ba',
                  'cb37711b-aaec-11e6-8cda-d067e51fd421');INSERT INTO user_dept_position(userid, deptid, positionid)
        VALUES (
                  'goindol@chosun.com',
                  '9c247a2d-77b1-457a-ba9b-43c972125ab6',
                  'cb37711b-aaec-11e6-8cda-d067e51fd421');INSERT INTO user_dept_position(userid, deptid, positionid)
        VALUES (
                  'goindol@chosun.com',
                  '0a3849ba-c180-47e7-8118-a037d6f3c4ba',
                  'cb37711b-aaec-11e6-8cda-d067e51fd428');INSERT INTO user_dept_position(userid, deptid, positionid)
        VALUES (
                  'rainy@chosun.com',
                  '0a3849ba-c180-47e7-8118-a037d6f3c4ba',
                  'cb37711b-aaec-11e6-8cda-d067e51fd419');INSERT INTO user_dept_position(userid, deptid, positionid)
        VALUES (
                  'myungwons@chosun.com',
                  '0a3849ba-c180-47e7-8118-a037d6f3c4ba',
                  'cb37711b-aaec-11e6-8cda-d067e51fd416');INSERT INTO user_dept_position(userid, deptid, positionid)
        VALUES (
                  'yuzibosu@chosun.com',
                  '361a569f-34c3-4520-baf7-f0d32abae6a0',
                  'cb37711b-aaec-11e6-8cda-d067e51fd428');INSERT INTO user_dept_position(userid, deptid, positionid)
        VALUES (
                  'shlee@chosun.com',
                  '361a569f-34c3-4520-baf7-f0d32abae6a0',
                  'cb37711b-aaec-11e6-8cda-d067e51fd419');INSERT INTO user_dept_position(userid, deptid, positionid)
        VALUES (
                  'yds0903@chosun.com',
                  '361a569f-34c3-4520-baf7-f0d32abae6a0',
                  'cb37711b-aaec-11e6-8cda-d067e51fd415');INSERT INTO user_dept_position(userid, deptid, positionid)
        VALUES (
                  'andrew@chosun.com',
                  'd35c8fa9-7fe9-4820-accb-5dfa26b56689',
                  'cb37711b-aaec-11e6-8cda-d067e51fd429');INSERT INTO user_dept_position(userid, deptid, positionid)
        VALUES (
                  'chan@chopsun.com',
                  'digital_chosunilbo',
                  '1e2032f2-deba-49ed-82de-a70fd241734b');INSERT INTO user_dept_position(userid, deptid, positionid)
        VALUES (
                  'bigfoot@chosun.com',
                  '36000a74-9c12-4061-9cce-86642f18a09b',
                  'cb37711b-aaec-11e6-8cda-d067e51fd425');INSERT INTO user_dept_position(userid, deptid, positionid)
        VALUES (
                  'yunju@chosun.com',
                  'aaaadfdfd',
                  'cb37711b-aaec-11e6-8cda-d067e51fd431');INSERT INTO form(id,
                 title,
                 comment,
                 created,
                 modified,
                 creator,
                 `useYN`)
     VALUES ('350ac0e9-f326-4c8a-b42a-3dc81d5e7f44',
             '휴가원',
             '휴가원 양식',
             '2016-12-23 17:10:17.0',
             '2016-12-23 17:10:17.0',
             'andrew@chosun.com',
             'N');INSERT INTO form(id,
                 title,
                 comment,
                 created,
                 modified,
                 creator,
                 `useYN`)
     VALUES ('a1f7e197-85b0-4779-8609-905a2f3531f3',
             '휴가원',
             '휴가원 양식',
             '2016-12-23 17:11:22.0',
             '2017-01-09 09:57:46.0',
             'andrew@chosun.com',
             'Y');INSERT INTO form(id,
                 title,
                 comment,
                 created,
                 modified,
                 creator,
                 `useYN`)
     VALUES ('e20ef135-f08a-447e-83ab-01696842792a',
             '휴가원',
             '휴가원 양식',
             '2016-12-23 17:09:22.0',
             '2016-12-23 17:09:22.0',
             'andrew@chosun.com',
             'N');INSERT INTO user_authority(userid, authid)
     VALUES ('andrew@chosun.com', '45338ea5-aaea-11e6-8cda-d067e51fd414');INSERT INTO user_authority(userid, authid)
     VALUES ('andrew@chosun.com', '45338ea5-aaea-11e6-8cda-d067e51fd415');INSERT INTO user_authority(userid, authid)
     VALUES ('andrew@chosun.com', '45338ea5-aaea-11e6-8cda-d067e51fd416');INSERT INTO user_authority(userid, authid)
     VALUES ('andrew@chosun.com', '45338ea5-aaea-11e6-8cda-d067e51fd419');INSERT INTO user_authority(userid, authid)
     VALUES ('yongkum@chosun.com', '45338ea5-aaea-11e6-8cda-d067e51fd414');INSERT INTO user_authority(userid, authid)
     VALUES ('goindol@chosun.com', '45338ea5-aaea-11e6-8cda-d067e51fd414');INSERT INTO user_authority(userid, authid)
     VALUES ('goindol@chosun.com', '45338ea5-aaea-11e6-8cda-d067e51fd417');INSERT INTO user_authority(userid, authid)
     VALUES ('goindol@chosun.com', '45338ea5-aaea-11e6-8cda-d067e51fd419');INSERT INTO user_authority(userid, authid)
     VALUES ('rainy@chosun.com', '45338ea5-aaea-11e6-8cda-d067e51fd414');INSERT INTO user_authority(userid, authid)
     VALUES ('myungwons@chosun.com', '45338ea5-aaea-11e6-8cda-d067e51fd414');INSERT INTO user_authority(userid, authid)
     VALUES ('yuzibosu@chosun.com', '45338ea5-aaea-11e6-8cda-d067e51fd414');INSERT INTO user_authority(userid, authid)
     VALUES ('yuzibosu@chosun.com', '45338ea5-aaea-11e6-8cda-d067e51fd417');INSERT INTO user_authority(userid, authid)
     VALUES ('shlee@chosun.com', '45338ea5-aaea-11e6-8cda-d067e51fd414');INSERT INTO user_authority(userid, authid)
     VALUES ('yds0903@chosun.com', '45338ea5-aaea-11e6-8cda-d067e51fd414');INSERT INTO user_authority(userid, authid)
     VALUES ('chan@chopsun.com', '45338ea5-aaea-11e6-8cda-d067e51fd414');INSERT INTO user_authority(userid, authid)
     VALUES ('bigfoot@chosun.com', '45338ea5-aaea-11e6-8cda-d067e51fd414');INSERT INTO user_authority(userid, authid)
     VALUES ('bigfoot@chosun.com', '45338ea5-aaea-11e6-8cda-d067e51fd419');INSERT INTO user_authority(userid, authid)
     VALUES ('yunju@chosun.com', '45338ea5-aaea-11e6-8cda-d067e51fd414');INSERT INTO user_authority(userid, authid)
     VALUES ('yunju@chosun.com', '45338ea5-aaea-11e6-8cda-d067e51fd419');INSERT INTO authority(id, rolename, comment)
        VALUES (
                  '41d394a1-9e7a-4a9e-b20f-f59eddb4f8e9',
                  'PUSER',
                  '계약직사원');INSERT INTO authority(id, rolename, comment)
        VALUES (
                  '45338ea5-aaea-11e6-8cda-d067e51fd414',
                  'USER',
                  '일반사용자');INSERT INTO authority(id, rolename, comment)
     VALUES ('45338ea5-aaea-11e6-8cda-d067e51fd415', 'ADMIN', '관리자');INSERT INTO authority(id, rolename, comment)
     VALUES ('45338ea5-aaea-11e6-8cda-d067e51fd416', 'DBA', 'DB 관리자');INSERT INTO authority(id, rolename, comment)
     VALUES ('45338ea5-aaea-11e6-8cda-d067e51fd417', 'TL', '팀장');INSERT INTO authority(id, rolename, comment)
     VALUES ('45338ea5-aaea-11e6-8cda-d067e51fd418', 'PL', '파트장');INSERT INTO authority(id, rolename, comment)
        VALUES (
                  '45338ea5-aaea-11e6-8cda-d067e51fd419',
                  'DL',
                  '부서장/부문장');INSERT INTO approve_form_field(`appId`,
                               `formId`,
                               category,
                               clause,
                               name,
                               value)
     VALUES ('d47b5ac4-d748-420c-b1b0-382ee2f77ba5',
             'a1f7e197-85b0-4779-8609-905a2f3531f3',
             0,
             0,
             'type',
             '1');INSERT INTO approve_form_field(`appId`,
                               `formId`,
                               category,
                               clause,
                               name,
                               value)
     VALUES ('d47b5ac4-d748-420c-b1b0-382ee2f77ba5',
             'a1f7e197-85b0-4779-8609-905a2f3531f3',
             0,
             0,
             'startDate',
             '2017-01-02T15:00:00.000Z');INSERT INTO approve_form_field(`appId`,
                               `formId`,
                               category,
                               clause,
                               name,
                               value)
     VALUES ('d47b5ac4-d748-420c-b1b0-382ee2f77ba5',
             'a1f7e197-85b0-4779-8609-905a2f3531f3',
             0,
             0,
             'endDate',
             '2017-01-02T15:00:00.000Z');INSERT INTO approve_form_field(`appId`,
                               `formId`,
                               category,
                               clause,
                               name,
                               value)
     VALUES ('d47b5ac4-d748-420c-b1b0-382ee2f77ba5',
             'a1f7e197-85b0-4779-8609-905a2f3531f3',
             0,
             0,
             'comment',
             '개인연차');INSERT INTO approve_form_field(`appId`,
                               `formId`,
                               category,
                               clause,
                               name,
                               value)
     VALUES ('d47b5ac4-d748-420c-b1b0-382ee2f77ba5',
             'a1f7e197-85b0-4779-8609-905a2f3531f3',
             0,
             0,
             'remark',
             NULL);INSERT INTO approve_form_field(`appId`,
                               `formId`,
                               category,
                               clause,
                               name,
                               value)
     VALUES ('d47b5ac4-d748-420c-b1b0-382ee2f77ba5',
             'a1f7e197-85b0-4779-8609-905a2f3531f3',
             0,
             1,
             'type',
             '5');INSERT INTO approve_form_field(`appId`,
                               `formId`,
                               category,
                               clause,
                               name,
                               value)
     VALUES ('d47b5ac4-d748-420c-b1b0-382ee2f77ba5',
             'a1f7e197-85b0-4779-8609-905a2f3531f3',
             0,
             1,
             'startDate',
             '2017-01-22T15:00:00.000Z');INSERT INTO approve_form_field(`appId`,
                               `formId`,
                               category,
                               clause,
                               name,
                               value)
     VALUES ('d47b5ac4-d748-420c-b1b0-382ee2f77ba5',
             'a1f7e197-85b0-4779-8609-905a2f3531f3',
             0,
             1,
             'endDate',
             '2017-01-26T15:00:00.000Z');INSERT INTO approve_form_field(`appId`,
                               `formId`,
                               category,
                               clause,
                               name,
                               value)
     VALUES ('d47b5ac4-d748-420c-b1b0-382ee2f77ba5',
             'a1f7e197-85b0-4779-8609-905a2f3531f3',
             0,
             1,
             'comment',
             '개인연차');INSERT INTO approve_form_field(`appId`,
                               `formId`,
                               category,
                               clause,
                               name,
                               value)
     VALUES ('d47b5ac4-d748-420c-b1b0-382ee2f77ba5',
             'a1f7e197-85b0-4779-8609-905a2f3531f3',
             0,
             1,
             'remark',
             NULL);INSERT INTO approve_form_field(`appId`,
                               `formId`,
                               category,
                               clause,
                               name,
                               value)
     VALUES ('d47b5ac4-d748-420c-b1b0-382ee2f77ba5',
             'a1f7e197-85b0-4779-8609-905a2f3531f3',
             1,
             0,
             'deptName',
             '시너지개발부');INSERT INTO approve_form_field(`appId`,
                               `formId`,
                               category,
                               clause,
                               name,
                               value)
     VALUES ('d47b5ac4-d748-420c-b1b0-382ee2f77ba5',
             'a1f7e197-85b0-4779-8609-905a2f3531f3',
             2,
             0,
             'positionName',
             '부장');INSERT INTO approve_form_field(`appId`,
                               `formId`,
                               category,
                               clause,
                               name,
                               value)
     VALUES ('d47b5ac4-d748-420c-b1b0-382ee2f77ba5',
             'a1f7e197-85b0-4779-8609-905a2f3531f3',
             3,
             0,
             'userName',
             '김현곤');INSERT INTO form_field(`formId`,
                       category,
                       clause,
                       name,
                       value)
     VALUES ('a1f7e197-85b0-4779-8609-905a2f3531f3',
             0,
             0,
             'deptName',
             NULL);INSERT INTO form_field(`formId`,
                       category,
                       clause,
                       name,
                       value)
     VALUES ('a1f7e197-85b0-4779-8609-905a2f3531f3',
             1,
             0,
             'positionName',
             NULL);INSERT INTO form_field(`formId`,
                       category,
                       clause,
                       name,
                       value)
     VALUES ('a1f7e197-85b0-4779-8609-905a2f3531f3',
             2,
             0,
             'userName',
             NULL);INSERT INTO form_field(`formId`,
                       category,
                       clause,
                       name,
                       value)
     VALUES ('a1f7e197-85b0-4779-8609-905a2f3531f3',
             3,
             0,
             'type',
             NULL);INSERT INTO form_field(`formId`,
                       category,
                       clause,
                       name,
                       value)
     VALUES ('a1f7e197-85b0-4779-8609-905a2f3531f3',
             3,
             0,
             'startDate',
             NULL);INSERT INTO form_field(`formId`,
                       category,
                       clause,
                       name,
                       value)
     VALUES ('a1f7e197-85b0-4779-8609-905a2f3531f3',
             3,
             0,
             'endDate',
             NULL);INSERT INTO form_field(`formId`,
                       category,
                       clause,
                       name,
                       value)
     VALUES ('a1f7e197-85b0-4779-8609-905a2f3531f3',
             3,
             0,
             'comment',
             NULL);INSERT INTO form_field(`formId`,
                       category,
                       clause,
                       name,
                       value)
     VALUES ('a1f7e197-85b0-4779-8609-905a2f3531f3',
             3,
             0,
             'remark',
             NULL);INSERT INTO company(id, name, ceo)
        VALUES (
                  'd4d8448b-aaea-11e6-8cda-d067e51fd414',
                  '조선일보',
                  '방상훈');INSERT INTO company(id, name, ceo)
        VALUES (
                  'd4d8448b-aaea-11e6-8cda-d067e51fd415',
                  '디지틀조선일보',
                  '김찬');INSERT INTO company(id, name, ceo)
     VALUES ('d4d8448b-aaea-11e6-8cda-d067e51fd416', 'TV조선', '변용식');INSERT INTO departments(pid,
                        deptid,
                        companyid,
                        name,
                        useyn,
                        lastmodified,
                        depth)
     VALUES ('25332011-bf0c-46f5-9e7b-4f4a1e13cdee',
             '00c22eec-490a-4931-8cdb-4719f64250cc',
             'd4d8448b-aaea-11e6-8cda-d067e51fd415',
             '재경부',
             'Y',
             '2017-01-05 14:51:19.0',
             2);INSERT INTO departments(pid,
                        deptid,
                        companyid,
                        name,
                        useyn,
                        lastmodified,
                        depth)
     VALUES ('fe0fa567-fe30-4b16-92b8-6be075982b82',
             '06e2f9aa-d74d-4fdb-bafb-03fbf2685d25',
             'd4d8448b-aaea-11e6-8cda-d067e51fd415',
             'NS개발팀',
             'Y',
             '2017-01-05 14:53:07.0',
             4);INSERT INTO departments(pid,
                        deptid,
                        companyid,
                        name,
                        useyn,
                        lastmodified,
                        depth)
     VALUES ('9c247a2d-77b1-457a-ba9b-43c972125ab6',
             '0a3849ba-c180-47e7-8118-a037d6f3c4ba',
             'd4d8448b-aaea-11e6-8cda-d067e51fd415',
             '인터넷개발팀',
             'Y',
             '2016-11-09 20:06:55.0',
             4);INSERT INTO departments(pid,
                        deptid,
                        companyid,
                        name,
                        useyn,
                        lastmodified,
                        depth)
     VALUES ('fe0fa567-fe30-4b16-92b8-6be075982b82',
             '0f3169fb-0c16-4119-a581-9c46dbb66a27',
             'd4d8448b-aaea-11e6-8cda-d067e51fd415',
             'NS개발2팀',
             'D',
             '2016-11-16 17:20:54.0',
             0);INSERT INTO departments(pid,
                        deptid,
                        companyid,
                        name,
                        useyn,
                        lastmodified,
                        depth)
     VALUES ('36000a74-9c12-4061-9cce-86642f18a09b',
             '1939ef1e-b45b-4427-8473-602f10189344',
             'd4d8448b-aaea-11e6-8cda-d067e51fd415',
             'CTS기술부',
             'Y',
             '2016-08-26 10:39:49.0',
             3);INSERT INTO departments(pid,
                        deptid,
                        companyid,
                        name,
                        useyn,
                        lastmodified,
                        depth)
     VALUES ('9c247a2d-77b1-457a-ba9b-43c972125ab6',
             '1a772189-abbb-4f74-9f9a-430a2e1e04ab',
             'd4d8448b-aaea-11e6-8cda-d067e51fd415',
             '테스트1',
             'D',
             '2016-11-16 16:55:00.0',
             4);INSERT INTO departments(pid,
                        deptid,
                        companyid,
                        name,
                        useyn,
                        lastmodified,
                        depth)
     VALUES ('digital_chosunilbo',
             '22ba2ef1-f771-48bb-99fb-3f6df4a3691a',
             'd4d8448b-aaea-11e6-8cda-d067e51fd415',
             '조선닷컴편집본부',
             'Y',
             '2016-08-09 11:26:22.0',
             1);INSERT INTO departments(pid,
                        deptid,
                        companyid,
                        name,
                        useyn,
                        lastmodified,
                        depth)
     VALUES ('digital_chosunilbo',
             '25332011-bf0c-46f5-9e7b-4f4a1e13cdee',
             'd4d8448b-aaea-11e6-8cda-d067e51fd415',
             '경영전략본부',
             'Y',
             '2017-01-04 13:53:03.0',
             1);INSERT INTO departments(pid,
                        deptid,
                        companyid,
                        name,
                        useyn,
                        lastmodified,
                        depth)
     VALUES ('fe9b93be-b688-49e3-8c36-b5b3616580f3',
             '26a1c355-f322-4fac-875e-1f2a78b5ccda',
             'd4d8448b-aaea-11e6-8cda-d067e51fd415',
             '대외협력팀',
             'Y',
             '2017-01-05 14:52:37.0',
             3);INSERT INTO departments(pid,
                        deptid,
                        companyid,
                        name,
                        useyn,
                        lastmodified,
                        depth)
     VALUES ('aaaadfdfd',
             '26ff5f6a-eae6-44ab-af25-43a99b07ddb8',
             'd4d8448b-aaea-11e6-8cda-d067e51fd415',
             'CTS부문',
             'Y',
             '2016-10-18 15:24:06.0',
             2);INSERT INTO departments(pid,
                        deptid,
                        companyid,
                        name,
                        useyn,
                        lastmodified,
                        depth)
     VALUES ('b7bceead-35f2-465c-8b0d-e3819b1d622f',
             '29088aea-c4da-4041-a6aa-907ae12e22ab',
             'd4d8448b-aaea-11e6-8cda-d067e51fd415',
             'IT협력팀',
             'Y',
             '2016-08-05 13:52:50.0',
             4);INSERT INTO departments(pid,
                        deptid,
                        companyid,
                        name,
                        useyn,
                        lastmodified,
                        depth)
     VALUES ('aaaadfdfd',
             '36000a74-9c12-4061-9cce-86642f18a09b',
             'd4d8448b-aaea-11e6-8cda-d067e51fd415',
             '미디어부문',
             'Y',
             '2017-01-05 15:41:01.0',
             2);INSERT INTO departments(pid,
                        deptid,
                        companyid,
                        name,
                        useyn,
                        lastmodified,
                        depth)
     VALUES ('d35c8fa9-7fe9-4820-accb-5dfa26b56689',
             '361a569f-34c3-4520-baf7-f0d32abae6a0',
             'd4d8448b-aaea-11e6-8cda-d067e51fd415',
             '시너지개발팀',
             'Y',
             '2017-01-05 14:53:26.0',
             4);INSERT INTO departments(pid,
                        deptid,
                        companyid,
                        name,
                        useyn,
                        lastmodified,
                        depth)
     VALUES ('1939ef1e-b45b-4427-8473-602f10189344',
             '424cf452-4295-406d-9c0a-164d257db7a3',
             'd4d8448b-aaea-11e6-8cda-d067e51fd415',
             '테스트',
             'D',
             '2016-11-21 12:38:09.0',
             4);INSERT INTO departments(pid,
                        deptid,
                        companyid,
                        name,
                        useyn,
                        lastmodified,
                        depth)
     VALUES ('fe9b93be-b688-49e3-8c36-b5b3616580f3',
             '442fc8e1-9447-4e60-aed3-ea3eb73396c8',
             'd4d8448b-aaea-11e6-8cda-d067e51fd415',
             '인사기획팀',
             'Y',
             '2017-01-05 14:52:40.0',
             3);INSERT INTO departments(pid,
                        deptid,
                        companyid,
                        name,
                        useyn,
                        lastmodified,
                        depth)
     VALUES ('22ba2ef1-f771-48bb-99fb-3f6df4a3691a',
             '49f45cdb-17be-4bbc-97ee-4c60a653b8ab',
             'd4d8448b-aaea-11e6-8cda-d067e51fd415',
             '뉴스미디어부',
             'Y',
             '2016-08-09 11:26:56.0',
             2);INSERT INTO departments(pid,
                        deptid,
                        companyid,
                        name,
                        useyn,
                        lastmodified,
                        depth)
     VALUES ('1939ef1e-b45b-4427-8473-602f10189344',
             '4dea7638-2eae-4e6d-865c-111bd6bf6769',
             'd4d8448b-aaea-11e6-8cda-d067e51fd415',
             'CTS시스템팀',
             'Y',
             '2016-08-05 13:52:09.0',
             4);INSERT INTO departments(pid,
                        deptid,
                        companyid,
                        name,
                        useyn,
                        lastmodified,
                        depth)
     VALUES ('digital_chosunilbo',
             '6a364c59-bbad-43a4-a5f9-ffa4b6860f9d',
             'd4d8448b-aaea-11e6-8cda-d067e51fd415',
             '마케팅본부',
             'Y',
             '2017-01-04 14:30:45.0',
             1);INSERT INTO departments(pid,
                        deptid,
                        companyid,
                        name,
                        useyn,
                        lastmodified,
                        depth)
     VALUES ('digital_chosunilbo',
             '8e2c3ab9-27f1-4747-8d7f-e2f66436b9ce',
             'd4d8448b-aaea-11e6-8cda-d067e51fd415',
             '경영전략본부',
             'D',
             '2017-01-04 13:55:09.0',
             1);INSERT INTO departments(pid,
                        deptid,
                        companyid,
                        name,
                        useyn,
                        lastmodified,
                        depth)
     VALUES ('d35c8fa9-7fe9-4820-accb-5dfa26b56689',
             '97470fe7-b591-4315-8b29-1bf38d44058f',
             'd4d8448b-aaea-11e6-8cda-d067e51fd415',
             '개발2팀',
             'D',
             '2016-11-18 15:47:29.0',
             5);INSERT INTO departments(pid,
                        deptid,
                        companyid,
                        name,
                        useyn,
                        lastmodified,
                        depth)
     VALUES ('00c22eec-490a-4931-8cdb-4719f64250cc',
             '9b6859d4-70bf-42c8-850d-26c604ecbbd5',
             'd4d8448b-aaea-11e6-8cda-d067e51fd415',
             '회계팀',
             'Y',
             '2017-01-05 14:51:33.0',
             3);INSERT INTO departments(pid,
                        deptid,
                        companyid,
                        name,
                        useyn,
                        lastmodified,
                        depth)
     VALUES ('36000a74-9c12-4061-9cce-86642f18a09b',
             '9c247a2d-77b1-457a-ba9b-43c972125ab6',
             'd4d8448b-aaea-11e6-8cda-d067e51fd415',
             '솔루션개발부',
             'Y',
             '2016-11-21 09:58:03.0',
             3);INSERT INTO departments(pid,
                        deptid,
                        companyid,
                        name,
                        useyn,
                        lastmodified,
                        depth)
     VALUES ('#',
             'a11f0a80-5e09-11e6-b356-00090ffe0001',
             'd4d8448b-aaea-11e6-8cda-d067e51fd416',
             'TV조선',
             'Y',
             '2016-08-09 17:18:53.0',
             0);INSERT INTO departments(pid,
                        deptid,
                        companyid,
                        name,
                        useyn,
                        lastmodified,
                        depth)
     VALUES ('chosunilbo',
             'a5690ed4-b929-440b-a52f-b33759559df5',
             'd4d8448b-aaea-11e6-8cda-d067e51fd414',
             '경영기획실',
             'Y',
             '2016-08-09 13:20:24.0',
             0);INSERT INTO departments(pid,
                        deptid,
                        companyid,
                        name,
                        useyn,
                        lastmodified,
                        depth)
     VALUES ('a11f0a80-5e09-11e6-b356-00090ffe0001',
             'a61bda35-8e4d-4490-b0f2-d6af329ad046',
             'd4d8448b-aaea-11e6-8cda-d067e51fd416',
             '최상위부서',
             'Y',
             '2016-08-09 17:19:03.0',
             0);INSERT INTO departments(pid,
                        deptid,
                        companyid,
                        name,
                        useyn,
                        lastmodified,
                        depth)
     VALUES ('digital_chosunilbo',
             'aaaadfdfd',
             'd4d8448b-aaea-11e6-8cda-d067e51fd415',
             '뉴미디어연구소',
             'Y',
             '2017-01-05 15:40:50.0',
             1);INSERT INTO departments(pid,
                        deptid,
                        companyid,
                        name,
                        useyn,
                        lastmodified,
                        depth)
     VALUES ('36000a74-9c12-4061-9cce-86642f18a09b',
             'b7bceead-35f2-465c-8b0d-e3819b1d622f',
             'd4d8448b-aaea-11e6-8cda-d067e51fd415',
             '미디어기술부',
             'Y',
             '2016-08-26 10:39:14.0',
             3);INSERT INTO departments(pid,
                        deptid,
                        companyid,
                        name,
                        useyn,
                        lastmodified,
                        depth)
     VALUES ('fe9b93be-b688-49e3-8c36-b5b3616580f3',
             'b7d2ae01-354e-4c37-873e-81fc9a45795b',
             'd4d8448b-aaea-11e6-8cda-d067e51fd415',
             '총무팀',
             'Y',
             '2017-01-05 14:52:43.0',
             3);INSERT INTO departments(pid,
                        deptid,
                        companyid,
                        name,
                        useyn,
                        lastmodified,
                        depth)
     VALUES ('424cf452-4295-406d-9c0a-164d257db7a3',
             'ba57b8f8-ef89-4e0a-8306-0bf8600148b0',
             'd4d8448b-aaea-11e6-8cda-d067e51fd415',
             '테스트1',
             'D',
             '2016-11-21 12:39:28.0',
             0);INSERT INTO departments(pid,
                        deptid,
                        companyid,
                        name,
                        useyn,
                        lastmodified,
                        depth)
     VALUES ('9c247a2d-77b1-457a-ba9b-43c972125ab6',
             'bc5e4a80-50a8-44b1-a71b-4e5c64ce724b',
             'd4d8448b-aaea-11e6-8cda-d067e51fd415',
             '모바일개발팀',
             'Y',
             '2016-08-04 17:14:07.0',
             4);INSERT INTO departments(pid,
                        deptid,
                        companyid,
                        name,
                        useyn,
                        lastmodified,
                        depth)
     VALUES ('fb263624-cf6d-46a6-9064-661e54786983',
             'bd38a700-1c7d-4778-ad88-38627192f394',
             'd4d8448b-aaea-11e6-8cda-d067e51fd415',
             '미디어세일즈팀',
             'Y',
             '2017-01-05 14:52:53.0',
             3);INSERT INTO departments(pid,
                        deptid,
                        companyid,
                        name,
                        useyn,
                        lastmodified,
                        depth)
     VALUES ('fb263624-cf6d-46a6-9064-661e54786983',
             'c13fa29a-a148-4df0-9e02-b8be7db9bd8f',
             'd4d8448b-aaea-11e6-8cda-d067e51fd415',
             '애드커뮤니케이션팀',
             'Y',
             '2017-01-05 14:52:55.0',
             3);INSERT INTO departments(pid,
                        deptid,
                        companyid,
                        name,
                        useyn,
                        lastmodified,
                        depth)
     VALUES ('b7bceead-35f2-465c-8b0d-e3819b1d622f',
             'c6a2df5d-7ca6-4071-8428-4a7f52443700',
             'd4d8448b-aaea-11e6-8cda-d067e51fd415',
             'IT시스템팀',
             'Y',
             '2016-08-05 13:52:37.0',
             4);INSERT INTO departments(pid,
                        deptid,
                        companyid,
                        name,
                        useyn,
                        lastmodified,
                        depth)
     VALUES ('#',
             'chosunilbo',
             'd4d8448b-aaea-11e6-8cda-d067e51fd414',
             '조선일보',
             'Y',
             '2016-08-09 00:00:00.0',
             0);INSERT INTO departments(pid,
                        deptid,
                        companyid,
                        name,
                        useyn,
                        lastmodified,
                        depth)
     VALUES ('36000a74-9c12-4061-9cce-86642f18a09b',
             'd35c8fa9-7fe9-4820-accb-5dfa26b56689',
             'd4d8448b-aaea-11e6-8cda-d067e51fd415',
             '시너지개발부',
             'Y',
             '2017-01-05 15:21:41.0',
             3);INSERT INTO departments(pid,
                        deptid,
                        companyid,
                        name,
                        useyn,
                        lastmodified,
                        depth)
     VALUES ('#',
             'digital_chosunilbo',
             'd4d8448b-aaea-11e6-8cda-d067e51fd415',
             '디지틀조선일보',
             'Y',
             '2017-01-05 15:40:41.0',
             0);INSERT INTO departments(pid,
                        deptid,
                        companyid,
                        name,
                        useyn,
                        lastmodified,
                        depth)
     VALUES ('6a364c59-bbad-43a4-a5f9-ffa4b6860f9d',
             'fb263624-cf6d-46a6-9064-661e54786983',
             'd4d8448b-aaea-11e6-8cda-d067e51fd415',
             '마케팅부',
             'Y',
             '2017-01-05 14:52:50.0',
             2);INSERT INTO departments(pid,
                        deptid,
                        companyid,
                        name,
                        useyn,
                        lastmodified,
                        depth)
     VALUES ('26ff5f6a-eae6-44ab-af25-43a99b07ddb8',
             'fe0fa567-fe30-4b16-92b8-6be075982b82',
             'd4d8448b-aaea-11e6-8cda-d067e51fd415',
             'NS개발부',
             'Y',
             '2017-01-05 14:53:02.0',
             3);INSERT INTO departments(pid,
                        deptid,
                        companyid,
                        name,
                        useyn,
                        lastmodified,
                        depth)
     VALUES ('25332011-bf0c-46f5-9e7b-4f4a1e13cdee',
             'fe9b93be-b688-49e3-8c36-b5b3616580f3',
             'd4d8448b-aaea-11e6-8cda-d067e51fd415',
             '경영관리부',
             'Y',
             '2017-01-05 14:52:33.0',
             2);INSERT INTO position(id,
                     name,
                     type,
                     seq)
     VALUES ('1e2032f2-deba-49ed-82de-a70fd241734b',
             '사장',
             'P',
             10000);INSERT INTO position(id,
                     name,
                     type,
                     seq)
     VALUES ('cb37711b-aaec-11e6-8cda-d067e51fd414',
             '사원',
             'P',
             10);INSERT INTO position(id,
                     name,
                     type,
                     seq)
     VALUES ('cb37711b-aaec-11e6-8cda-d067e51fd415',
             '대리',
             'P',
             20);INSERT INTO position(id,
                     name,
                     type,
                     seq)
     VALUES ('cb37711b-aaec-11e6-8cda-d067e51fd416',
             '과장대우',
             'P',
             30);INSERT INTO position(id,
                     name,
                     type,
                     seq)
     VALUES ('cb37711b-aaec-11e6-8cda-d067e51fd417',
             '과장',
             'P',
             40);INSERT INTO position(id,
                     name,
                     type,
                     seq)
     VALUES ('cb37711b-aaec-11e6-8cda-d067e51fd418',
             '차장대우',
             'P',
             50);INSERT INTO position(id,
                     name,
                     type,
                     seq)
     VALUES ('cb37711b-aaec-11e6-8cda-d067e51fd419',
             '차장',
             'P',
             60);INSERT INTO position(id,
                     name,
                     type,
                     seq)
     VALUES ('cb37711b-aaec-11e6-8cda-d067e51fd420',
             '부장대우',
             'P',
             70);INSERT INTO position(id,
                     name,
                     type,
                     seq)
     VALUES ('cb37711b-aaec-11e6-8cda-d067e51fd421',
             '부장',
             'P',
             80);INSERT INTO position(id,
                     name,
                     type,
                     seq)
     VALUES ('cb37711b-aaec-11e6-8cda-d067e51fd422',
             '부국장대우',
             'P',
             90);INSERT INTO position(id,
                     name,
                     type,
                     seq)
     VALUES ('cb37711b-aaec-11e6-8cda-d067e51fd423',
             '부국장',
             'P',
             100);INSERT INTO position(id,
                     name,
                     type,
                     seq)
     VALUES ('cb37711b-aaec-11e6-8cda-d067e51fd424',
             '국장대우',
             'P',
             110);INSERT INTO position(id,
                     name,
                     type,
                     seq)
     VALUES ('cb37711b-aaec-11e6-8cda-d067e51fd425',
             '국장',
             'P',
             120);INSERT INTO position(id,
                     name,
                     type,
                     seq)
     VALUES ('cb37711b-aaec-11e6-8cda-d067e51fd427',
             '이사',
             'P',
             130);INSERT INTO position(id,
                     name,
                     type,
                     seq)
     VALUES ('cb37711b-aaec-11e6-8cda-d067e51fd428',
             '팀장',
             'R',
             1000);INSERT INTO position(id,
                     name,
                     type,
                     seq)
     VALUES ('cb37711b-aaec-11e6-8cda-d067e51fd429',
             '부장',
             'R',
             2000);INSERT INTO position(id,
                     name,
                     type,
                     seq)
     VALUES ('cb37711b-aaec-11e6-8cda-d067e51fd430',
             '본부장',
             'R',
             4000);INSERT INTO position(id,
                     name,
                     type,
                     seq)
     VALUES ('cb37711b-aaec-11e6-8cda-d067e51fd431',
             '소장',
             'R',
             4000);INSERT INTO position(id,
                     name,
                     type,
                     seq)
     VALUES ('cb37711b-aaec-11e6-8cda-d067e51fd432',
             '국장',
             'R',
             4000);INSERT INTO position(id,
                     name,
                     type,
                     seq)
     VALUES ('cb37711b-aaec-11e6-8cda-d067e51fd433',
             '실장',
             'R',
             4000);INSERT INTO position(id,
                     name,
                     type,
                     seq)
     VALUES ('cb37711b-aaec-11e6-8cda-d067e51fd434',
             '원장',
             'R',
             4000);INSERT INTO position(id,
                     name,
                     type,
                     seq)
     VALUES ('cb37711b-aaec-11e6-8cda-d067e51fd435',
             '부원장',
             'R',
             3500);INSERT INTO position(id,
                     name,
                     type,
                     seq)
     VALUES ('cb37711b-aaec-11e6-8cda-d067e51fd436',
             '계약직원',
             'P',
             5);COMMIT;